date,fft_return,vol_change,range_mass,price_var,tsfresh_composite
2023-09-19,-0.1568,0.1628,0.21,-0.6526,-0.1092
2023-09-20,-0.221,0.0792,0.21,-0.7084,-0.16
2023-09-21,0.3338,0.6352,0.21,-0.748,0.1078
2023-09-22,0.4604,0.7075,0.21,-0.6235,0.1886
2023-09-25,0.3611,0.7075,0.21,-0.5819,0.1742
2023-09-26,0.2344,0.7075,0.21,-0.5276,0.1561
2023-09-27,-0.6492,0.333,0.21,-0.2738,-0.095
2023-09-28,-0.7672,0.9813,0.21,-0.0965,0.0819
2023-09-29,-0.5725,0.9915,0.21,-0.046,0.1458
2023-10-02,-0.6135,1.1513,0.21,0.0077,0.1889
2023-10-03,-0.6531,1.286,0.21,0.0201,0.2158
2023-10-04,-0.5129,0.3128,0.21,0.142,0.038
2023-10-05,-0.7868,0.8063,0.21,0.2038,0.1083
2023-10-06,-0.7308,0.6623,0.21,0.2783,0.1049
2023-10-09,-0.8471,0.6585,0.21,0.2521,0.0684
2023-10-10,-0.4914,0.6585,0.21,0.1356,0.1282
2023-10-11,-0.3849,0.9367,0.21,0.0468,0.2021
2023-10-12,-0.3222,0.3989,0.21,-0.06,0.0567
2023-10-20,-0.5539,1.246,0.21,-0.3113,0.1477
2023-10-23,0.2342,1.246,0.21,-0.2336,0.3641
2023-10-24,0.2651,0.4531,0.21,-0.2123,0.179
2023-10-25,0.1127,-1.6707,0.21,-0.3173,-0.4163
2023-10-26,0.2535,0.6424,0.21,-0.2,0.2265
2023-10-27,0.1135,0.6424,0.21,0.1007,0.2666
2023-10-30,-0.1481,1.2724,0.21,0.3804,0.4287
2023-10-31,0.6772,1.2724,0.21,0.4339,0.6484
2023-11-01,0.8808,0.1035,0.21,0.4854,0.4199
2023-11-02,1.0668,0.1035,0.21,0.4826,0.4657
2023-11-03,1.0688,0.1035,0.21,0.4555,0.4594
2023-11-06,0.9599,-0.703,0.21,0.4844,0.2378
2023-11-07,0.4439,-0.703,0.21,0.526,0.1192
2023-11-08,0.5299,-0.2191,0.21,0.6063,0.2818
2023-11-09,0.4692,1.397,0.21,0.68,0.6891
2023-11-10,0.5933,0.9099,0.21,0.7053,0.6046
2023-11-13,0.4873,1.397,0.21,0.8172,0.7279
2023-11-14,0.3344,1.397,0.21,0.892,0.7084
2023-11-15,0.833,2.7026,0.21,1.1242,1.2174
2023-11-16,0.9872,-1.8693,0.21,1.3323,0.165
2023-11-17,1.1355,-1.4864,0.21,1.5458,0.3512
2023-11-20,1.1186,-0.3036,0.21,1.6933,0.6796
2023-11-21,1.2413,-0.0163,0.21,1.8581,0.8233
2023-11-22,0.8016,-0.9805,0.21,1.9805,0.5029
2023-11-24,0.3012,-1.254,0.21,1.9936,0.3127
2023-11-27,0.2617,-0.3182,0.21,1.812,0.4914
2023-11-28,0.1567,-0.3182,0.21,1.4579,0.3766
2023-11-29,0.0063,-0.1842,0.21,1.1354,0.2919
2023-11-30,-0.3963,-0.1842,0.21,0.7584,0.097
2023-12-01,-0.8829,-0.1842,0.21,0.4236,-0.1084
2023-12-04,-0.8327,-0.1842,0.21,0.2811,-0.1314
2023-12-05,-0.757,-0.1842,0.21,0.1571,-0.1435
2023-12-06,-0.6498,-0.6246,0.21,0.0159,-0.2621
2023-12-07,-0.489,-0.0651,0.21,-0.1401,-0.1211
2023-12-08,-0.6265,-1.4796,0.21,-0.3103,-0.5516
2023-12-11,-0.9986,-1.4796,0.21,-0.6659,-0.7335
2023-12-12,-0.8143,-0.0651,0.21,-0.7535,-0.3557
2023-12-13,-0.9092,-0.3222,0.21,-0.8825,-0.476
2023-12-14,-0.8589,0.6102,0.21,-0.6629,-0.1754
2023-12-15,-0.8454,1.121,0.21,-0.5029,-0.0043
2023-12-18,-0.8291,1.6876,0.21,-0.4024,0.1665
2023-12-19,-0.8343,2.3829,0.21,-0.2523,0.3766
2023-12-20,-1.0568,2.71,0.21,-0.0239,0.4598
2023-12-21,-0.6316,3.0,0.21,-0.0129,0.8261
2023-12-22,-0.7574,2.8969,0.21,0.0614,0.6027
2023-12-26,-0.6788,0.462,0.21,0.1268,0.03
2023-12-27,-0.5,1.1774,0.21,0.2055,0.2732
2023-12-28,-0.3905,-0.7583,0.21,0.2509,-0.172
2023-12-29,-0.4038,-0.7583,0.21,0.2247,-0.1818
2024-01-02,-0.2757,-3.0,0.21,0.1756,-0.938
2024-01-03,-0.2935,-0.6597,0.21,0.1152,-0.157
2024-01-04,-0.0192,-0.6597,0.21,-0.0196,-0.1221
2024-01-05,0.0292,-3.0,0.21,-0.1754,-0.9
2024-01-08,-0.0674,-3.0,0.21,-0.4324,-0.9884
2024-01-09,-0.1299,0.1131,0.21,-0.646,-0.1132
2024-01-10,-0.3692,0.1131,0.21,-0.7894,-0.2089
2024-01-11,-0.2289,0.27,0.21,-0.8577,-0.1516
2024-01-12,-0.2238,0.27,0.21,-0.9118,-0.1639
2024-01-16,-0.1875,0.0799,0.21,-0.9189,-0.2041
2024-01-17,-0.1201,0.0633,0.21,-0.9314,-0.1946
2024-01-18,0.2395,0.0633,0.21,-0.9391,-0.1066
2024-01-19,0.0237,0.0633,0.21,-0.9265,-0.1574
2024-01-22,0.3405,0.0633,0.21,-0.7969,-0.0458
2024-01-23,0.1169,0.0633,0.21,-0.6773,-0.0718
2024-01-24,0.1686,0.0633,0.21,-0.5217,-0.02
2024-01-25,0.1398,0.0633,0.21,-0.3911,0.0055
2024-01-26,0.1799,-0.084,0.21,-0.2264,0.0199
2024-01-29,0.1922,-0.5183,0.21,-0.1055,-0.0554
2024-01-30,-0.1373,-0.5183,0.21,0.0754,-0.0925
2024-01-31,-0.3121,-0.5183,0.21,0.2135,-0.1017
2024-02-01,0.0935,-0.5183,0.21,0.1892,-0.0064
2024-02-02,0.0769,-0.5183,0.21,0.1357,-0.0239
2024-02-05,0.3393,-0.5183,0.21,0.136,0.0418
2024-02-06,-0.1061,-0.5183,0.21,0.0834,-0.0827
2024-02-07,-0.0251,-0.5909,0.21,0.1374,-0.0672
2024-02-08,0.1473,-1.0999,0.21,0.2286,-0.1285
2024-02-09,0.0836,-0.9262,0.21,0.3379,-0.0737
2024-02-12,-0.1265,-1.1088,0.21,0.4427,-0.1457
2024-02-13,-0.2169,-1.278,0.21,0.4673,-0.2044
2024-02-14,0.0554,-1.278,0.21,0.322,-0.1727
2024-02-15,-0.1392,-1.278,0.21,0.1145,-0.2732
2024-02-16,-0.4152,-1.0969,0.21,0.0202,-0.3205
2024-02-20,-0.5494,-1.0969,0.21,-0.0083,-0.3612
2024-02-21,-0.8145,-0.2168,0.21,-0.0824,-0.2259
2024-02-22,-0.8375,0.3062,0.21,-0.1539,-0.1188
2024-02-23,-0.0913,0.3062,0.21,-0.0228,0.1005
2024-02-26,-0.0679,-0.7526,0.21,0.0939,-0.1292
2024-02-27,0.079,-0.7526,0.21,0.1049,-0.0897
2024-02-28,0.0289,-0.7526,0.21,0.1544,-0.0898
2024-02-29,-0.441,-0.7526,0.21,0.1559,-0.2069
2024-03-01,-0.4314,-0.7526,0.21,-0.0572,-0.2578
2024-03-04,-0.5163,-0.7526,0.21,-0.1477,-0.3016
2024-03-05,-0.5089,1.1896,0.21,-0.1179,0.1932
2024-03-06,-0.6057,1.1896,0.21,-0.2255,0.1421
2024-03-07,-0.8004,2.4237,0.21,-0.3141,0.3798
2024-03-08,-0.5498,-1.1005,0.21,-0.2713,-0.4279
2024-03-11,-0.8226,-0.5253,0.21,-0.2926,-0.3576
2024-03-12,-0.8353,-1.0431,0.21,-0.2993,-0.4919
2024-03-13,-0.786,-0.1477,0.21,-0.2241,-0.237
2024-03-14,-0.6724,-0.5253,0.21,-0.3028,-0.3226
2024-03-15,-0.4165,-1.1005,0.21,-0.3425,-0.4124
2024-03-18,-0.3655,-1.5083,0.21,-0.3814,-0.5113
2024-03-19,-0.5589,-2.9419,0.21,-0.4423,-0.9333
2024-03-20,-0.5231,-1.754,0.21,-0.6042,-0.6678
2024-03-21,-1.122,-1.2132,0.21,-0.7625,-0.7219
2024-03-22,-1.0383,0.1041,0.21,-0.6034,-0.3319
2024-03-25,-1.0841,-0.3644,0.21,-0.5082,-0.4367
2024-03-26,-1.0266,-0.3644,0.21,-0.4896,-0.4176
2024-03-27,-1.0215,-0.3644,0.21,-0.4971,-0.4182
2024-03-28,-1.1533,-0.3644,0.21,-0.4819,-0.4474
2024-04-01,-1.062,-0.3644,0.21,-0.4437,-0.415
2024-04-02,-1.0048,-1.5236,0.21,-0.403,-0.6804
2024-04-03,-0.8001,-0.1068,0.21,-0.4107,-0.2769
2024-04-04,-0.943,-1.5236,0.21,-0.5418,-0.6996
2024-04-05,-0.9576,-1.5236,0.21,-0.6284,-0.7249
2024-04-08,-0.8968,-1.5236,0.21,-0.6542,-0.7161
2024-04-09,-0.7906,-1.949,0.21,-0.7424,-0.818
2024-04-10,-0.8736,-1.949,0.21,-0.8701,-0.8707
2024-04-11,-0.8494,-1.5236,0.21,-0.8847,-0.7619
2024-04-12,-1.1582,-0.809,0.21,-0.9009,-0.6645
2024-04-15,-0.6825,0.0821,0.21,-0.8801,-0.3176
2024-04-16,-0.1871,0.0821,0.21,-0.7337,-0.1572
2024-04-17,-0.1335,-0.6569,0.21,-0.5444,-0.2812
2024-04-18,-0.1117,0.9922,0.21,-0.2967,0.1985
2024-04-19,-0.1649,1.5473,0.21,-0.0725,0.38
2024-04-22,-0.225,1.5473,0.21,0.1944,0.4317
2024-04-23,0.0971,-0.9116,0.21,0.3049,-0.0749
2024-04-24,0.5535,-1.2738,0.21,0.3168,-0.0484
2024-04-25,0.5276,0.0159,0.21,0.3216,0.2688
2024-04-26,0.5404,2.5476,0.21,0.287,0.8962
2024-04-29,0.3376,-0.0425,0.21,0.1851,0.1725
2024-04-30,0.0234,-0.0425,0.21,0.0767,0.0669
2024-05-01,0.5758,-0.0425,0.21,0.0432,0.1966
2024-05-02,0.6335,3.0,0.21,0.0153,1.4845
2024-05-03,0.4221,3.0,0.21,0.0194,1.4327
2024-05-06,0.5299,0.7109,0.21,-0.0686,0.3456
2024-05-07,0.8841,0.7109,0.21,-0.141,0.416
2024-05-08,1.0467,0.7109,0.21,-0.221,0.4366
2024-05-09,1.0443,0.1439,0.21,-0.2448,0.2884
2024-05-10,0.7385,0.7703,0.21,-0.3148,0.351
2024-05-13,0.3671,-0.7409,0.21,-0.1761,-0.085
2024-05-14,0.3336,-1.2248,0.21,-0.0517,-0.1832
2024-05-15,0.0038,-0.5555,0.21,0.0885,-0.0633
2024-05-16,-0.3121,0.321,0.21,0.2847,0.1259
2024-05-17,-0.1328,-1.1099,0.21,0.3794,-0.1633
2024-05-20,-0.3762,0.2036,0.21,0.3551,0.0981
2024-05-21,-0.6664,-0.5532,0.21,0.3762,-0.1584
2024-05-22,-0.6051,-0.3534,0.21,0.463,-0.0714
2024-05-23,-0.6634,-0.3534,0.21,0.4987,-0.077
2024-05-24,-0.2338,-0.3534,0.21,0.4242,0.0118
2024-05-28,-0.3812,-0.3534,0.21,0.4414,-0.0208
2024-05-29,-0.6309,-0.3534,0.21,0.4568,-0.0794
2024-05-30,-0.4904,-0.3534,0.21,0.2815,-0.0881
2024-05-31,-0.6983,-0.3534,0.21,-0.0532,-0.2237
2024-06-03,-0.8821,-0.3534,0.21,-0.3647,-0.3476
2024-06-04,-1.1943,-0.3534,0.21,-0.5935,-0.4828
2024-06-05,-1.1644,-0.5532,0.21,-0.6986,-0.5516
2024-06-06,-1.0526,0.2599,0.21,-0.7521,-0.3337
2024-06-07,-0.9876,1.2157,0.21,-0.852,-0.1035
2024-06-10,-0.904,0.6505,0.21,-0.9058,-0.2373
2024-06-11,-1.034,0.6505,0.21,-0.904,-0.2694
2024-06-12,-0.9295,0.6505,0.21,-0.9336,-0.2506
2024-06-13,-0.9372,0.3102,0.21,-0.8519,-0.3172
2024-06-14,-0.9819,0.1445,0.21,-0.7234,-0.3377
2024-06-17,-1.0121,0.344,0.21,-0.6351,-0.2733
2024-06-18,-0.8702,1.2939,0.21,-0.4453,0.0471
2024-06-20,-0.8685,1.2939,0.21,-0.2723,0.0908
2024-06-21,-0.9055,1.2939,0.21,-0.1553,0.1108
2024-06-24,-0.9699,1.2939,0.21,-0.0856,0.1121
2024-06-25,-0.7663,1.1072,0.21,-0.0994,0.1129
2024-06-26,-0.847,0.0092,0.21,-0.063,-0.1727
2024-06-27,-1.1059,-0.3386,0.21,-0.0192,-0.3134
2024-06-28,-0.9653,-0.2944,0.21,-0.0582,-0.277
2024-07-01,-1.2394,-0.2944,0.21,-0.2288,-0.3882
2024-07-02,-1.1871,-0.2944,0.21,-0.3354,-0.4017
2024-07-11,-0.9505,0.1503,0.21,-0.4466,-0.2592
2024-07-12,-0.8033,0.1503,0.21,-0.5225,-0.2414
2024-07-15,-0.7809,0.1503,0.21,-0.4454,-0.2165
2024-07-16,-0.7561,0.1503,0.21,-0.3888,-0.1962
2024-07-17,-0.7635,0.1503,0.21,-0.2905,-0.1734
2024-07-18,-0.2777,-0.3122,0.21,-0.3495,-0.1824
2024-07-19,0.1231,-0.3122,0.21,-0.4617,-0.1102
2024-07-22,0.3152,-0.3122,0.21,-0.5153,-0.0756
2024-07-23,0.2756,-0.3122,0.21,-0.5651,-0.0979
2024-07-24,-0.0818,-0.3122,0.21,-0.6367,-0.2052
2024-07-25,-0.7679,-1.3138,0.21,-0.5042,-0.594
2024-07-26,-0.8788,-1.3138,0.21,-0.3143,-0.5742
2024-07-29,-0.4727,-1.1666,0.21,-0.2559,-0.4213
2024-07-30,-0.4125,-1.7378,0.21,-0.2105,-0.5377
2024-07-31,-0.4419,-2.5679,0.21,-0.1264,-0.7315
2024-08-01,-0.4938,-2.5681,0.21,-0.1249,-0.7442
2024-08-02,-0.0892,-2.1131,0.21,-0.0222,-0.5036
2024-08-05,0.5922,-0.2961,0.21,0.3205,0.2066
2024-08-06,1.5271,-0.2961,0.21,1.0385,0.6199
2024-08-07,1.323,-0.2961,0.21,1.4267,0.6659
2024-08-08,1.1141,1.0735,0.21,1.801,1.0496
2024-08-09,1.4559,1.0735,0.21,1.8569,1.1491
2024-08-12,1.5108,1.0735,0.21,1.8147,1.1522
2024-08-13,1.432,-0.4951,0.21,1.7011,0.712
2024-08-14,1.6812,-0.4951,0.21,1.417,0.7033
2024-08-15,1.5665,-1.6029,0.21,1.2357,0.3523
2024-08-16,1.1723,-2.4083,0.21,1.1616,0.0339
2024-08-19,1.4851,-1.9374,0.21,1.1563,0.2285
2024-08-20,1.0646,-0.5892,0.21,1.138,0.4558
2024-08-21,0.888,-0.3302,0.21,1.1141,0.4705
2024-08-22,0.9749,-1.2742,0.21,1.2393,0.2875
2024-08-23,0.5371,-0.8814,0.21,1.3025,0.2921
2024-08-26,0.8243,0.4041,0.21,1.4126,0.7128
2024-08-27,0.9294,-0.1539,0.21,1.4993,0.6212
2024-08-28,0.8854,-0.7731,0.21,1.5965,0.4797
2024-08-29,0.5547,-0.1494,0.21,1.6168,0.558
2024-08-30,-0.0749,-0.1494,0.21,1.668,0.4134
2024-09-03,-0.9486,-0.1494,0.21,1.6932,0.2013
2024-09-04,-0.1984,-0.1494,0.21,1.3224,0.2962
2024-09-05,-0.2133,-0.1494,0.21,1.0086,0.214
2024-09-06,0.2601,-0.1494,0.21,0.5115,0.208
2024-09-09,0.7862,-0.1494,0.21,0.4085,0.3138
2024-09-10,0.6754,-0.4362,0.21,0.2549,0.176
2024-09-11,0.252,-0.7159,0.21,0.0517,-0.0506
2024-09-12,0.4702,-1.0714,0.21,-0.0347,-0.1065
2024-09-13,0.366,-2.1204,0.21,-0.1086,-0.4132
2024-09-16,0.453,-0.1317,0.21,-0.0996,0.1079
2024-09-17,0.6803,-0.1317,0.21,-0.0883,0.1676
2024-09-18,0.5544,-0.1317,0.21,-0.1075,0.1313
2024-09-19,0.7452,-0.1317,0.21,-0.1196,0.176
2024-09-20,0.1646,-0.1317,0.21,-0.0404,0.0506
2024-09-23,0.0577,-0.3066,0.21,0.0363,-0.0006
2024-09-24,0.1308,-1.24,0.21,0.0988,-0.2001
2024-09-25,0.1557,-0.523,0.21,0.1867,0.0073
2024-09-26,0.2582,-0.523,0.21,0.2458,0.0477
2024-09-27,0.4283,-1.6094,0.21,0.36,-0.1528
2024-09-30,0.4942,-1.8927,0.21,0.4346,-0.1885
2024-10-01,-0.1185,-0.6343,0.21,0.5224,-0.0051
2024-10-02,-0.0702,-0.6343,0.21,0.5308,0.0091
2024-10-03,-0.2226,1.3577,0.21,0.501,0.4615
2024-10-04,-0.2703,1.6404,0.21,0.411,0.4978
2024-10-07,-0.4534,1.4753,0.21,0.1103,0.3356
2024-10-08,-0.8479,0.2776,0.21,-0.1757,-0.134
2024-10-09,-0.846,0.8103,0.21,-0.4304,-0.064
2024-10-10,-0.6893,0.0821,0.21,-0.501,-0.2246
2024-10-11,-0.5727,0.3421,0.21,-0.5296,-0.1375
2024-10-14,-0.6576,0.3421,0.21,-0.4911,-0.1491
2024-10-15,-0.9513,-0.0122,0.21,-0.3646,-0.2795
2024-10-16,-0.7387,-0.0122,0.21,-0.3919,-0.2332
2024-10-17,-0.6155,-0.0122,0.21,-0.4621,-0.22
2024-10-18,-0.6309,0.3421,0.21,-0.3988,-0.1194
2024-10-21,-0.6831,-0.0122,0.21,-0.3437,-0.2072
2024-10-22,-0.7714,-0.4222,0.21,-0.3008,-0.3211
2024-10-23,-0.7225,-0.0824,0.21,-0.2702,-0.2163
2024-10-24,-1.0515,-0.0824,0.21,-0.3179,-0.3105
2024-10-25,-1.1047,-0.0824,0.21,-0.3332,-0.3276
2024-10-28,-0.9444,-0.0824,0.21,-0.3789,-0.2989
2024-10-29,-1.3173,-0.224,0.21,-0.3919,-0.4308
2024-10-30,-1.2821,-0.2351,0.21,-0.4938,-0.4502
2024-10-31,-1.3158,-0.2351,0.21,-0.6342,-0.4938
2024-11-01,-0.2895,-0.2351,0.21,-0.732,-0.2616
2024-11-04,-0.4947,-0.2351,0.21,-0.6968,-0.3042
2024-11-05,-0.5094,-0.2351,0.21,-0.7333,-0.3169
2024-11-06,-0.6651,-0.172,0.21,-0.7627,-0.3475
2024-11-07,0.2189,-0.4303,0.21,-0.6143,-0.1539
2024-11-08,0.4044,-0.0701,0.21,-0.3881,0.039
2024-11-11,0.5125,-0.5181,0.21,-0.1428,0.0154
2024-11-12,0.3337,-1.0519,0.21,0.0642,-0.111
2024-11-13,0.5086,-1.0519,0.21,0.2065,-0.0317
2024-11-14,0.5062,-1.1664,0.21,0.3321,-0.0295
2024-11-15,0.7679,-0.3151,0.21,0.3929,0.2639
2024-11-18,1.0994,0.7112,0.21,0.3959,0.6041
2024-11-19,1.0896,-0.0409,0.21,0.4035,0.4156
2024-11-20,1.4201,0.4218,0.21,0.4144,0.6166
2024-11-21,1.3726,0.4218,0.21,0.3953,0.5999
2024-11-22,1.5904,-0.2972,0.21,0.3977,0.4752
2024-11-25,1.6798,0.3038,0.21,0.4061,0.6499
2024-11-26,1.7196,1.1534,0.21,0.4303,0.8783
2024-11-27,1.5641,1.1534,0.21,0.4776,0.8513
2024-11-29,0.9982,1.1534,0.21,0.4689,0.7076
2024-12-02,0.8492,0.3038,0.21,0.271,0.4085
2024-12-03,0.7989,-0.5202,0.21,0.0376,0.1316
2024-12-04,0.6068,-0.7097,0.21,-0.3656,-0.0646
2024-12-05,-0.0659,-0.7097,0.21,-0.6342,-0.3
2024-12-06,-0.4049,-0.9699,0.21,-0.6006,-0.4414
2024-12-09,-0.5076,-0.3353,0.21,-0.5284,-0.2903
2024-12-10,-0.691,0.4101,0.21,-0.5021,-0.1432
2024-12-11,-0.7573,0.3312,0.21,-0.4967,-0.1782
2024-12-12,-0.8056,0.0771,0.21,-0.4576,-0.244
2024-12-13,-0.8786,0.0771,0.21,-0.4485,-0.26
2024-12-16,-1.1086,0.0771,0.21,-0.4577,-0.3198
2024-12-17,-1.1151,0.0771,0.21,-0.5779,-0.3515
2024-12-18,-1.313,0.2111,0.21,-0.7145,-0.4016
2024-12-19,-0.28,-0.4228,0.21,-0.5744,-0.2668
2024-12-20,-0.1503,0.3043,0.21,-0.4253,-0.0153
2024-12-23,-0.3582,0.3043,0.21,-0.3912,-0.0588
2024-12-24,-0.3721,0.3043,0.21,-0.3771,-0.0587
2024-12-26,-0.2181,0.8838,0.21,-0.3814,0.1236
2024-12-27,-0.1506,0.8838,0.21,-0.3817,0.1404
2024-12-30,-0.3013,0.8838,0.21,-0.3416,0.1127
2024-12-31,0.0032,0.57,0.21,-0.2062,0.1442
2025-01-02,0.1629,0.9089,0.21,-0.0613,0.3051
2025-01-03,0.3856,0.646,0.21,0.0839,0.3314
2025-01-06,0.1812,0.8024,0.21,0.0569,0.3126
2025-01-07,0.1991,0.7574,0.21,0.003,0.2924
2025-01-08,0.0601,1.4226,0.21,-0.0258,0.4167
2025-01-10,0.2223,2.6683,0.21,-0.0403,0.7651
2025-01-13,-0.2449,2.1859,0.21,0.078,0.5572
2025-01-14,-0.3312,-1.1687,0.21,0.0784,-0.3029
2025-01-15,-0.36,-1.0067,0.21,0.0766,-0.27
2025-01-16,-0.614,-1.0067,0.21,-0.0244,-0.3588
2025-01-17,-0.6709,0.6631,0.21,-0.2161,-0.0035
2025-01-21,-0.3384,0.1032,0.21,-0.3715,-0.0992
2025-01-22,-0.0129,-1.2676,0.21,-0.2981,-0.3422
2025-01-23,0.0048,-1.2676,0.21,-0.1798,-0.3082
2025-01-24,0.1211,-1.4097,0.21,-0.0124,-0.2728
2025-01-27,0.4549,-1.4097,0.21,0.0885,-0.1641
2025-01-28,0.9153,-1.2676,0.21,0.0389,-0.0259
2025-01-29,0.4084,-1.2676,0.21,0.032,-0.1543
2025-01-30,0.5685,-1.1607,0.21,0.0536,-0.0822
2025-01-31,0.7463,-0.3776,0.21,0.0843,0.1658
2025-02-03,1.042,-0.3776,1.6565,0.1229,0.611
2025-02-04,0.1432,-0.3776,1.1744,0.0492,0.2473
2025-02-05,0.2661,-0.3776,0.6922,0.0447,0.1564
2025-02-06,0.0564,-0.3776,0.21,0.0585,-0.0132
2025-02-07,0.0252,-0.223,-0.2722,0.0423,-0.1069
2025-02-10,-0.2187,-0.223,-0.7543,-0.0053,-0.3003
2025-02-11,-0.4056,-0.9456,-1.2365,-0.2137,-0.7004
2025-02-12,-0.4116,-0.9669,-1.7187,-0.4658,-0.8908
2025-02-13,-0.4143,-0.6623,-2.2008,-0.802,-1.0198
2025-02-14,-0.4056,-0.6623,-2.683,-0.8579,-1.1522
2025-02-18,-0.7619,-0.1586,-3.0,-0.9933,-1.2698
2025-02-19,-1.0214,-1.3471,-3.0,-1.0227,-1.7596
2025-02-20,-0.9318,-0.1586,-3.0,-0.96,-1.545
2025-02-21,-0.7627,1.2383,-3.0,-0.9486,-1.2712
2025-02-24,-0.511,1.045,-3.0,-0.9845,-1.3861
2025-02-25,-0.3282,-0.7415,-3.0,-0.8886,-1.8836
2025-02-26,-0.2664,-0.7415,-3.0,-0.7334,-1.9499
2025-02-27,-0.1741,-0.7415,-3.0,-0.5883,-2.0111
2025-02-28,-0.498,-0.7415,-3.0,-0.2452,-2.1268
2025-03-03,-0.3222,-0.7415,-3.0,-0.1586,-2.1818
2025-03-04,-0.395,-0.6173,0.21,0.0801,-0.1805
2025-03-05,-0.8655,-0.6173,0.21,0.4696,-0.2008
2025-03-06,-0.7239,0.9601,0.21,0.6523,0.2746
2025-03-07,-0.2045,1.2394,0.21,0.9991,0.561
2025-03-10,-0.1325,1.3557,0.21,1.3542,0.6968
2025-03-11,0.3946,1.3557,0.21,1.8326,0.9482
2025-03-12,0.5249,0.037,0.21,2.2499,0.7554
2025-03-13,0.5796,1.5716,0.21,2.5015,1.2157
2025-03-14,-0.0283,2.1856,0.21,2.8294,1.2992
2025-03-17,0.6725,1.8834,0.21,2.8221,1.397
2025-03-18,0.9423,0.7877,0.21,2.7088,1.1622
2025-03-19,0.7265,0.7877,0.21,2.5902,1.0786
2025-03-20,0.6086,0.7877,0.21,2.2574,0.9659
2025-03-21,0.3211,-1.3536,0.21,1.8892,0.2667
2025-03-24,-0.1551,0.7877,0.21,1.5543,0.5992
2025-03-25,-0.7933,-0.8441,0.21,1.2832,-0.0361
2025-03-26,-0.7817,-2.5222,0.21,1.0366,-0.5143
2025-03-27,-0.497,-2.5222,0.21,0.7383,-0.5177
2025-03-28,-1.106,-2.6958,0.21,0.587,-0.7512
2025-03-31,-1.0158,-2.2956,1.6565,0.2652,-0.3474
2025-04-01,-0.4021,-2.2956,1.1744,0.0851,-0.3595
2025-04-02,-0.551,0.1454,0.6922,-0.0015,0.0713
2025-04-03,-0.0377,0.1454,0.21,-0.2914,0.0066
2025-04-04,-0.3148,0.1454,-0.2722,0.1921,-0.0624
2025-04-07,1.4535,0.5521,-0.7543,1.6985,0.7375
2025-04-08,1.4623,0.5521,-1.2365,2.6976,0.8689
2025-04-09,1.5855,0.5521,-1.7187,3.0,1.0182
2025-04-10,3.0,-2.6008,-2.2008,3.0,0.6898
2025-04-11,2.0547,-2.6008,-2.683,3.0,0.1642
2025-04-14,2.4489,0.5521,-3.0,3.0,0.9442
2025-04-15,2.4559,0.1454,1.6565,3.0,2.0416
2025-04-16,2.7737,0.1454,1.1744,3.0,2.0008
2025-04-17,3.0,1.4467,0.6922,3.0,2.3506
2025-04-21,3.0,-0.9991,0.21,3.0,1.6069
2025-04-22,3.0,1.648,1.6565,3.0,2.8957
2025-04-23,3.0,1.648,1.1744,3.0,2.6194
2025-04-24,3.0,1.1154,0.6922,3.0,2.4142
2025-04-25,3.0,-1.1144,0.21,3.0,1.855
2025-04-28,3.0,-0.9836,-0.2722,2.7835,1.9037
2025-04-29,3.0,-0.9836,-0.7543,2.7078,1.7568
2025-04-30,3.0,-1.0817,1.6565,2.6109,2.3331
2025-05-01,3.0,-1.3346,1.1744,2.4782,2.172
2025-05-02,3.0,-1.3346,0.6922,2.3025,1.4946
2025-05-05,2.5357,0.3488,1.6565,2.6344,1.7938
2025-05-06,2.6405,0.3488,1.1744,2.5436,1.6768
2025-05-07,2.9792,0.748,0.6922,2.2539,1.6683
2025-05-08,-0.1039,1.4174,0.21,1.6251,0.7872
2025-05-09,1.2533,1.4174,-0.2722,1.7755,1.0435
2025-05-12,0.9102,1.4175,-0.7543,1.7331,0.8266
2025-05-13,1.5923,1.4175,-1.2365,2.1013,0.9687
2025-05-14,1.5856,-1.4741,-1.7187,2.4852,0.2195
2025-05-15,0.8886,-1.3927,-2.2008,2.7648,0.015
2025-05-16,0.8267,-0.4641,-2.683,2.8328,0.1281
2025-05-19,-0.1323,-0.6214,-3.0,2.8771,-0.2604
2025-05-20,0.1665,-0.2688,-3.0,2.4805,-0.3173
2025-05-21,0.4118,-0.2481,-3.0,2.2084,-0.4394
2025-05-22,0.9102,-0.2481,-3.0,1.898,-0.5129
2025-05-23,0.8815,0.0176,1.6565,1.7487,1.0761
2025-05-27,0.8588,0.0176,1.1744,1.5765,0.9068
2025-05-28,1.1275,0.0176,0.6922,1.4492,0.8216
2025-05-29,0.9393,-0.1943,0.21,1.2925,0.5619
2025-05-30,0.9563,-0.1943,-0.2722,1.1016,0.3978
2025-06-02,1.1548,-0.1943,-0.7543,0.9144,0.2802
2025-06-03,0.8818,0.0999,-1.2365,0.8615,0.1517
2025-06-04,0.4049,0.0999,-1.7187,0.7484,-0.1164
2025-06-05,0.5436,0.0421,-2.2008,0.4618,-0.2883
2025-06-06,0.8139,-0.3649,-2.683,0.117,-0.5292
2025-06-09,0.6681,-0.1393,-3.0,-0.187,-0.7058
2025-06-10,-0.0815,-0.1393,-3.0,-0.6915,-1.1399
2025-06-11,-0.2076,-0.1393,-3.0,-0.6276,-1.276
2025-06-12,-0.3405,-0.299,1.6565,-0.5184,0.1247
2025-06-13,-0.3515,-0.2068,1.1744,-0.463,0.0383
2025-06-16,-0.5121,-0.2068,0.6922,-0.4658,-0.1231
2025-06-17,-0.5873,0.1963,1.6565,-0.3997,0.2165
2025-06-18,-0.5037,0.7187,1.1744,-0.399,0.2476
2025-06-20,-0.7991,-0.0356,0.6922,-0.397,-0.1349
2025-06-23,-0.7557,-0.0356,0.21,-0.4835,-0.2662
2025-06-24,-0.3366,0.7187,1.6565,-0.5327,0.3765
2025-06-25,-0.4633,3.0,1.1744,-0.6763,1.3702
2025-06-26,-0.4446,3.0,0.6922,-0.6184,0.8095
2025-06-27,-0.3258,0.9262,0.21,-0.5391,0.0678
2025-06-30,-0.3849,0.3169,1.1744,-0.4145,0.173
2025-07-01,-0.3206,0.3169,1.1744,-0.2931,0.2194
2025-07-02,-0.1006,-2.5472,0.6922,-0.1813,-0.5342
2025-07-03,-0.249,0.2493,0.21,-0.0392,0.0428
2025-07-07,-0.3463,2.1587,0.21,0.1724,0.5487
2025-07-08,-0.6267,0.3169,0.6922,0.2054,0.147
2025-07-09,-0.6444,0.3169,0.21,0.2503,0.0332
2025-07-10,-0.6902,0.3169,-0.2722,0.3164,-0.0823
2025-07-11,-0.5057,0.3169,-0.2722,0.4078,-0.0133
2025-07-14,-0.6088,0.3169,-0.2722,0.4549,-0.0273
2025-07-15,-0.726,0.3169,-0.7543,0.4847,-0.1697
2025-07-16,-0.4204,0.3169,0.21,0.4157,0.1306
2025-07-17,-0.7938,0.3169,1.1744,0.3928,0.2726
2025-07-18,-1.0297,0.3169,0.6922,0.2787,0.0645
2025-07-21,-1.0017,0.3169,0.21,0.0866,-0.0971
2025-07-22,-1.171,0.3169,0.21,-0.2025,-0.2117
2025-07-23,-1.0097,0.3169,0.21,-0.4592,-0.2355
2025-07-24,-1.1917,0.3169,0.6922,-0.5173,-0.175
2025-07-25,-1.2455,0.3169,0.6922,-0.6208,-0.2143
2025-07-28,-1.2549,0.3169,0.21,-0.6354,-0.3408
2025-07-29,-1.1057,0.3169,0.21,-0.6479,-0.3067
2025-07-30,-1.0294,0.3169,-0.2722,-0.6345,-0.4048
2025-07-31,-0.9468,0.3169,-0.2722,-0.638,-0.385
2025-08-01,-0.7691,0.3169,1.1744,-0.6244,0.0245
2025-08-04,-0.3377,0.3169,1.1744,-0.5884,0.1413
2025-08-05,-0.3356,0.3169,0.6922,-0.6282,0.0113
2025-08-06,-0.6461,0.3169,0.6922,-0.7026,-0.0849
2025-08-07,-0.4744,0.3169,0.21,-0.7389,-0.1716
2025-08-08,-0.4384,0.3169,0.6922,-0.7485,-0.0445
2025-08-11,-0.2803,0.3169,0.21,-0.7884,-0.1354
2025-08-12,-0.3647,0.3169,0.6922,-0.8192,-0.0437
2025-08-13,-0.4108,0.3169,0.21,-0.7897,-0.1684
2025-08-14,-0.2828,0.3168,0.21,-0.7793,-0.1338
2025-08-15,-0.3228,0.3168,-0.2722,-0.7469,-0.2563
2025-08-18,-0.2018,0.3168,-0.2722,-0.7495,-0.2267
2025-08-19,-0.1989,0.3168,-0.2722,-0.7386,-0.2232
2025-08-20,-0.29,0.3168,-0.2722,-0.7676,-0.2532
2025-08-21,-0.3583,0.3169,0.21,-0.7702,-0.1504
2025-08-22,-0.5769,0.3169,0.21,-0.7685,-0.2046
2025-08-25,-0.0579,0.3168,0.21,-0.7339,-0.0662
2025-08-26,-0.1473,0.3168,0.21,-0.7102,-0.0827
2025-08-27,-0.0698,0.3168,0.21,-0.6835,-0.0566
2025-08-28,-0.1208,0.3168,0.21,-0.647,-0.0602
2025-08-29,-0.6439,0.3168,-0.2722,-0.5868,-0.2965
2025-09-02,0.0162,0.3168,0.21,-0.8073,-0.0661
2025-09-03,0.1341,0.3168,0.21,-0.8897,-0.0572
2025-09-04,0.0893,0.3168,0.21,-0.987,-0.0927
2025-09-05,-0.0085,0.3168,0.6922,-1.0626,-0.0155
2025-09-08,-0.254,0.3168,0.6922,-1.0586,-0.0759
2025-09-09,-0.1129,0.3168,0.6922,-1.087,-0.0477
2025-09-10,-0.3306,0.3169,0.21,-1.0948,-0.2246
2025-09-11,-0.2799,0.317,0.21,-1.0278,-0.1952
2025-09-12,-0.1903,0.317,-0.2722,-0.8986,-0.261
2025-09-15,-0.2624,0.3169,-0.7543,-0.7875,-0.3718
2025-09-16,-0.3954,0.317,-0.7543,-0.657,-0.3724
2025-09-17,-0.5243,0.317,-0.7543,-0.5528,-0.3786
2025-09-18,-0.5258,0.3169,-0.2722,-0.4783,-0.2398
2025-09-19,-0.5174,0.3169,-0.2722,-0.4523,-0.2312
2025-09-22,-0.9201,0.3169,0.21,-0.4542,-0.2118
2025-09-23,-0.6268,0.3169,0.21,-0.3403,-0.11
2025-09-24,-0.8933,0.3168,0.21,-0.2701,-0.1592
2025-09-25,-0.8853,0.3169,0.21,-0.2601,-0.1546
2025-09-26,-0.64,0.3169,0.21,-0.2923,-0.1014
2025-09-29,-1.0266,0.3169,0.21,-0.2961,-0.199
2025-09-30,-0.9167,0.3169,0.21,-0.3203,-0.1775
2025-10-01,-0.9808,0.3169,0.21,-0.4511,-0.2262
2025-10-02,-1.0211,0.317,0.21,-0.5758,-0.2675
2025-10-03,-1.037,0.317,0.21,-0.6099,-0.28
2025-10-06,-0.9754,0.3172,0.21,-0.6098,-0.2645
2025-10-07,-0.9716,0.3173,0.21,-0.7022,-0.2866
2025-10-08,-0.7374,0.3167,-0.2722,-0.7905,-0.3708
2025-10-09,-0.7606,0.3167,-0.2722,-0.8489,-0.3912
2025-10-10,-0.6676,0.3167,-0.2722,-0.8708,-0.3735
2025-10-13,0.127,0.3169,1.6565,-0.9071,0.2983
2025-10-14,-0.0527,0.317,1.1744,-0.9371,0.1254
2025-10-15,-0.0253,0.3167,0.6922,-0.9704,0.0033
2025-10-16,-0.0678,0.317,0.6922,-1.023,-0.0204
2025-10-17,-0.4064,0.3173,0.6922,-1.04,-0.1092
2025-10-20,-0.2969,0.3173,0.6922,-1.0262,-0.0784
2025-10-21,-0.316,0.3172,0.21,-1.0186,-0.2018
2025-10-22,-0.401,0.3169,-0.2722,-1.008,-0.3411
2025-10-23,-0.432,0.3169,-0.2722,-1.0179,-0.3513
2025-10-24,-0.4579,0.3169,-0.2722,-1.1104,-0.3809
2025-10-27,-0.6643,0.3169,-0.7543,-1.1047,-0.5516
2025-10-28,-0.8309,0.3166,-1.2365,-0.9071,-0.6645
2025-10-29,-0.8863,0.3165,-1.2365,-0.6993,-0.6264
2025-10-30,-0.921,0.3169,-0.7543,-0.5234,-0.4704
2025-10-31,-1.191,0.3172,-1.2365,-0.4507,-0.6402
2025-11-03,-1.1132,0.3172,-0.7543,-0.3967,-0.4868
2025-11-04,-1.2748,0.3169,-0.7543,-0.3442,-0.5141
2025-11-05,-0.6712,0.3163,-0.2722,-0.3421,-0.2423
2025-11-06,-0.8378,0.3172,-0.2722,-0.3359,-0.2822
2025-11-07,-0.2497,0.3167,-0.2722,-0.338,-0.1358
2025-11-10,-0.7606,0.3167,0.21,-0.3191,-0.1383
2025-11-11,-0.1723,0.3164,0.6922,-0.3951,0.1103
2025-11-12,-0.1651,0.3167,0.21,-0.4692,-0.0269
2025-11-13,-0.2016,0.3164,0.21,-0.4974,-0.0432
2025-11-14,0.159,0.3164,0.21,-0.5662,0.0298
2025-11-17,0.5564,0.3164,0.6922,-0.6904,0.2186
2025-11-18,0.8906,0.3168,0.6922,-0.677,0.3056
2025-11-19,1.0602,0.317,0.6922,-0.5083,0.3903
2025-11-20,0.9475,0.317,0.6922,-0.4161,0.3852
2025-11-21,0.5513,0.3177,1.1744,-0.4224,0.4052
2025-11-24,0.3693,0.3182,1.1744,-0.2568,0.4013
2025-11-25,0.8359,0.3175,0.6922,-0.2341,0.4029
2025-11-26,1.1116,0.3175,0.21,-0.3082,0.3327
2025-11-28,1.2099,0.3172,0.21,-0.4126,0.3311
2025-12-01,1.2718,0.3172,-0.2722,-0.4587,0.2145
2025-12-02,1.413,0.3145,-0.7543,-0.5024,0.1177
2025-12-03,0.9401,0.3159,-0.7543,-0.5544,-0.0132
2025-12-04,0.9052,0.3172,-1.2365,-0.5379,-0.138
2025-12-05,0.9415,0.3169,-1.2365,-0.5252,-0.1258
2025-12-08,0.9303,0.315,-1.7187,-0.4697,-0.2358
2025-12-09,0.2927,0.3169,-1.7187,-0.4578,-0.3917
2025-12-10,0.1879,0.3169,-1.7187,-0.458,-0.418
2025-12-11,0.3805,0.3159,-1.2365,-0.434,-0.2435
2025-12-12,0.4798,0.3165,-1.2365,-0.3923,-0.2081
2025-12-15,0.4066,0.3188,-0.2722,-0.358,0.0238
2025-12-16,0.1166,0.318,0.21,-0.3528,0.0729
2025-12-17,-0.0375,0.3214,0.21,-0.3756,0.0296
2025-12-18,0.442,0.321,0.21,-0.5177,0.1138
2025-12-19,0.3483,0.3177,-0.2722,-0.6407,-0.0617
2025-12-22,0.1687,0.3211,0.21,-0.6621,0.0094
2025-12-23,-0.1755,0.3465,-0.2722,-0.9268,-0.257
2025-12-24,-0.2172,0.394,-0.2722,-1.0972,-0.2981
2025-12-26,-0.1331,0.6453,-0.7543,-1.1296,-0.3429
2025-12-29,-0.0021,0.7113,-0.7543,-1.0925,-0.2844
2025-12-30,-0.075,1.0007,-1.2365,-1.0833,-0.3485
2025-12-31,0.038,1.1339,-1.2365,-1.0854,-0.2875
2026-01-02,0.3155,1.3705,-0.7543,-1.0897,-0.0395
2026-01-05,0.2925,0.4607,-0.7543,-1.0911,-0.273
2026-01-06,0.2926,0.1988,-0.2722,-1.0867,-0.2169
2026-01-07,0.5969,0.3373,-0.2722,-1.0636,-0.1004
2026-01-08,0.5003,0.3373,-0.2722,-1.0211,-0.1139
2026-01-09,0.4415,0.9162,-0.2722,-1.016,0.0174
2026-01-12,0.5235,0.2514,-0.2722,-0.9709,-0.1171
2026-01-13,0.1908,-0.5642,-0.2722,-0.9303,-0.394
2026-01-14,0.198,-1.2832,0.21,-0.8857,-0.4402
2026-01-15,0.2718,-0.6388,0.21,-0.889,-0.2615
2026-01-16,0.1295,-1.2832,0.21,-0.9294,-0.4683
2026-01-20,0.0048,-0.2148,0.21,-1.0239,-0.256
2026-01-21,-0.1627,-0.2148,0.21,-1.1109,-0.3196
2026-01-22,-0.2142,-0.2148,1.1744,-1.1891,-0.1109
2026-01-23,-0.2089,0.1698,0.6922,-1.2153,-0.1406
2026-01-26,-0.2765,-0.0976,0.21,-1.2154,-0.3449
2026-01-27,-0.1525,-0.5247,0.21,-1.2128,-0.42
2026-01-28,-0.1593,-0.5247,-0.2722,-1.1942,-0.5376
2026-01-29,-0.2005,-0.0976,-0.2722,-1.1649,-0.4338
2026-01-30,-0.4129,0.2505,0.21,-1.1563,-0.2772
2026-02-02,-0.2379,0.3304,0.6922,-1.1805,-0.099
2026-02-03,-0.3088,0.2505,0.6922,-1.2114,-0.1444
2026-02-04,-0.0882,0.4491,0.6922,-1.2196,-0.0416
2026-02-05,0.007,0.2989,0.6922,-1.2013,-0.0508
2026-02-06,-0.0566,0.1818,0.6922,-1.044,-0.0567
2026-02-09,0.2111,-0.0741,0.6922,-1.0392,-0.0525
2026-02-10,0.3214,-0.0741,0.21,-1.0475,-0.1476
2026-02-11,0.2536,-0.0741,0.21,-1.0603,-0.1677
2026-02-12,0.203,1.2349,0.21,-1.07,0.1445
2026-02-13,0.4894,1.2349,0.21,-1.07,0.2161
2026-02-17,0.4667,1.6104,0.21,-0.9986,0.3221
2026-02-18,0.0534,1.0665,0.21,-0.9136,0.1041
2026-02-19,-0.1242,0.1166,0.21,-0.9231,-0.1802
2026-02-20,-0.2528,-0.0088,-0.2722,-0.8702,-0.351
2026-02-23,-0.1005,0.1991,-0.2722,-0.8552,-0.2572
2026-02-24,-0.6365,0.1991,-0.2722,-0.8412,-0.3877
2026-02-25,-0.4558,-1.439,-0.2722,-0.822,-0.7472
2026-02-26,-0.2939,-1.439,-0.2722,-0.8452,-0.7126
2026-02-27,-0.3398,-1.9661,-0.2722,-0.8906,-0.8672
2026-03-02,-0.3682,-1.251,-0.2722,-0.8937,-0.6963
2026-03-03,-0.1911,-0.2728,-0.2722,-0.8937,-0.4074
2026-03-04,-0.0392,-0.9224,0.21,-0.8567,-0.4021
2026-03-05,-0.0505,-0.2728,0.21,-0.8981,-0.2528
2026-03-06,0.2534,-0.2728,0.21,-0.8763,-0.1714
2026-03-09,-0.8645,-0.2728,0.21,-0.7055,-0.4082
2026-03-10,-0.6761,-0.2728,0.21,-0.6368,-0.3439
2026-03-11,-0.7094,-0.9224,0.21,-0.663,-0.5212
2026-03-12,-0.7193,-0.8761,0.21,-0.6806,-0.5165
2026-03-13,-0.9188,-0.6623,0.21,-0.5841,-0.4888
